{"search":"","showTags":false,"showAttachments":false,"hideUnresolved":false,"showOrphans":false,"showArrow":true,"textFadeMultiplier":0,"nodeSizeMultiplier":0.97948717948718,"lineSizeMultiplier":2.15213675213675,"centerStrength":0.700854700854701,"repelStrength":7.69230769230769,"linkStrength":0.555555555555556,"linkDistance":82,"scale":0.713275462622445}